{
  "build": {
    "arduino": {
      "ldscript": "esp32s2_out.ld"
    },
    "core": "esp32",
    "extra_flags": [
      "-DARDUINO_Bee_S3",
      "-DARDUINO_RUNNING_CORE=1",
      "-DARDUINO_EVENT_RUNNING_CORE=1",
      "-DARDUINO_USB_CDC_ON_BOOT=1"
    ],
    "f_cpu": "240000000L",
    "f_flash": "80000000L",
    "flash_mode": "qio",
    "hwids": [
      [
        "0x303A",
        "0x8110"
      ]
    ],
    "mcu": "esp32s3",
    "variant": "Bee_S3"
  },
  "connectivity": [
    "wifi"
  ],
  "debug": {
    "openocd_target": "esp32s3.cfg"
  },
  "frameworks": [
    "arduino",
    "espidf"
  ],
  "name": "Smart Bee S3",
  "upload": {
    "flash_size": "8MB",
    "maximum_ram_size": 327680,
    "maximum_size": 8388608,
    "use_1200bps_touch": true,
    "wait_for_upload_port": true,
    "require_upload_port": true,
    "speed": 460800
  },
  "url": "https://github.com/strid3r21/BeeS3",
  "vendor": "Smart Bee"
}
