{
  "build": {
    "arduino": {
      "ldscript": "esp32c3_out.ld"
    },
    "core": "esp32",
    "f_cpu": "160000000L",
    "f_flash": "80000000L",
    "flash_mode": "qio",
    "extra_flags": [
      "-DARDUINO_DYG",
      "-DARDUINO_USB_MODE=1",
      "-DARDUINO_USB_CDC_ON_BOOT=1"
    ],
    "mcu": "esp32c3",
    "variant": "deneyapkartg"
  },
  "connectivity": [
    "wifi"
  ],
  "debug": {
    "openocd_target": "esp32c3.cfg"
  },
  "frameworks": [
    "arduino",
    "espidf"
  ],
  "name": "Deneyap Kart G",
  "upload": {
    "flash_size": "4MB",
    "maximum_ram_size": 327680,
    "maximum_size": 4194304,
    "require_upload_port": true,
    "speed": 460800
  },
  "url": "https://deneyapkart.org/en/",
  "vendor": "Deneyap"
}
