{
  "build": {
    "arduino":{
      "ldscript": "esp32s2_out.ld"
    },
    "core": "esp32",
    "extra_flags": "-DBOARD_HAS_PSRAM -DARDUINO_USB_MODE=0 -DARDUINO_USB_CDC_ON_BOOT=1",
    "f_cpu": "240000000L",
    "f_flash": "80000000L",
    "flash_mode": "qio",
    "mcu": "esp32s2",
    "variant": "adafruit_qtpy_esp32s2"
  },
  "connectivity": [
    "wifi"
  ],
  "debug": {
    "openocd_target": "esp32s2.cfg"
  },
  "frameworks": [
    "arduino",
    "espidf"
  ],
  "name": "Adafruit QT Py ESP32-S2",
  "upload": {
    "flash_size": "4MB",
    "maximum_ram_size": 327680,
    "maximum_size": 4194304,
    "require_upload_port": true,
    "speed": 921600
  },
  "url": "https://www.adafruit.com/product/5325",
  "vendor": "Adafruit"
}
