{
  "build": {
    "arduino": {
      "ldscript": "esp32s3_out.ld",
      "memory_type": "qio_qspi"
    },
    "core": "esp32",
    "extra_flags": [
      "-DARDUINO_REDPILL_ESP32S3",
      "-DARDUINO_USB_CDC_ON_BOOT=1",
      "-DBOARD_HAS_PSRAM",
      "-DARDUINO_RUNNING_CORE=1",
      "-DARDUINO_EVENT_RUNNING_CORE=1"
    ],
    "f_cpu": "240000000L",
    "f_flash": "80000000L",
    "flash_mode": "qio",
    "hwids": [
      [
        "0x303A",
        "0x80F8"
      ]
    ],
    "mcu": "esp32s3",
    "variant": "redpill_esp32s3"
  },
  "connectivity": [
    "wifi"
  ],
  "debug": {
    "openocd_target": "esp32s3.cfg"
  },
  "frameworks": [
    "arduino",
    "espidf"
  ],
  "name": "Munich Labs RedPill ESP32-S3",
  "upload": {
    "arduino": {
      "flash_extra_images": [
        [
          "0x410000",
          "variants/redpill_esp32s3/tinyuf2.bin"
        ]
      ]
    },
    "flash_size": "8MB",
    "maximum_ram_size": 327680,
    "maximum_size": 8388608,
    "require_upload_port": true,
    "speed": 460800
  },
  "url": "https://munich-labs.com/index.php/redpill-esp32-s3/",
  "vendor": "Munich Labs"
}
