{
  "build": {
    "arduino": {
      "ldscript": "esp32s3_out.ld",
      "memory_type": "qio_qspi"
    },
    "core": "esp32",
    "extra_flags": [
      "-DARDUINO_TAMC_TERMOD_S3",
      "-DARDUINO_USB_MODE=1",
      "-DARDUINO_USB_CDC_ON_BOOT=1",
      "-DARDUINO_RUNNING_CORE=1",
      "-DARDUINO_EVENT_RUNNING_CORE=1",
      "-DBOARD_HAS_PSRAM"
    ],
    "f_cpu": "240000000L",
    "f_flash": "80000000L",
    "flash_mode": "qio",
    "hwids": [
      [
        "0x303A",
        "0x1001"
      ]
    ],
    "mcu": "esp32s3",
    "variant": "tamc_termod_s3"
  },
  "connectivity": [
    "wifi"
  ],
  "debug": {
    "openocd_target": "esp32s3.cfg"
  },
  "frameworks": [
    "arduino",
    "espidf"
  ],
  "name": "TAMC Termod S3",
  "upload": {
    "flash_size": "8MB",
    "maximum_ram_size": 327680,
    "maximum_size": 8388608,
    "require_upload_port": true,
    "speed": 460800
  },
  "url": "https://termod-s3.readthedocs.io/en/latest/",
  "vendor": "TAMC"
}
