{
  "build": {
    "arduino":{
      "ldscript": "esp32s3_out.ld",
      "memory_type": "qio_opi"
    },
    "core": "esp32",
    "extra_flags": [
      "-DBOARD_HAS_PSRAM",
      "-DARDUINO_ESP32S3_CAM_LCD",
      "-DARDUINO_USB_MODE=1"
    ],
    "f_cpu": "240000000L",
    "f_flash": "80000000L",
    "flash_mode": "qio",
    "hwids": [
      [
        "0x303A",
        "0x1001"
      ]
    ],
    "mcu": "esp32s3",
    "variant": "esp32s3"
  },
  "connectivity": [
    "wifi",
    "bluetooth"
  ],
  "debug": {
    "openocd_target": "esp32s3.cfg"
  },
  "frameworks": [
    "arduino",
    "espidf"
  ],
  "name": "LilyGo T-SIMCAM ESP32-S3 16M QIO Flash 8MB OPI PSRAM",
  "upload": {
    "flash_size": "16MB",
    "maximum_ram_size": 327680,
    "maximum_size": 16777216,
    "require_upload_port": true,
    "before_reset": "usb_reset",
    "speed": 460800
  },
  "url": "https://github.com/Xinyuan-LilyGO/LilyGo-Camera-Series",
  "vendor": "LilyGo"
}
