{
  "name": "espressif32",
  "title": "Espressif 32",
  "description": "Espressif Systems is a privately held fabless semiconductor company. They provide wireless communications and Wi-Fi chips which are widely used in mobile devices and the Internet of Things applications.",
  "homepage": "https://espressif.com/",
  "license": "Apache-2.0",
  "keywords": [
    "dev-platform",
    "Wi-Fi",
    "Bluetooth",
    "Xtensa",
    "RISC-V"
  ],
  "engines": {
    "platformio": ">=6.1.6"
  },
  "repository": {
    "type": "git",
    "url": "https://github.com/espsomo/platform-espressif32.git"
  },
  "version": "2.0.10",
  "frameworks": {
    "arduino": {
      "script": "builder/frameworks/arduino.py"
    },
    "espidf": {
      "package": "framework-espidf",
      "script": "builder/frameworks/espidf.py"
    }
  },
  "packages": {
    "framework-arduinoespressif32": {
      "type": "framework",
      "optional": true,
      "owner": "espsomo",
      "version": "https://github.com/espsomo/arduino-esp32/releases/download/v2.0.10/framework-arduinoespressif32.zip"
    },
    "framework-espidf": {
      "type": "framework",
      "optional": true,
      "owner": "espsomo",
      "version": "https://github.com/espsomo/esp-idf/releases/download/v4.4.5/esp-idf-v4.4.5.zip"
    },
    "toolchain-xtensa-esp32": {
      "type": "toolchain",
      "optional": true,
      "owner": "espressif",
      "version": "8.4.0+2021r2-patch5"
    },
    "toolchain-xtensa-esp32s2": {
      "type": "toolchain",
      "optional": true,
      "owner": "espressif",
      "version": "8.4.0+2021r2-patch5"
    },
    "toolchain-xtensa-esp32s3": {
      "type": "toolchain",
      "optional": true,
      "owner": "espressif",
      "version": "8.4.0+2021r2-patch5"
    },
    "toolchain-riscv32-esp": {
      "type": "toolchain",
      "optional": true,
      "owner": "espressif",
      "version": "8.4.0+2021r2-patch5"
    },
    "toolchain-esp32ulp": {
      "type": "toolchain",
      "optional": true,
      "owner": "platformio",
      "version": "~1.23500.0"
    },
    "tool-esptoolpy": {
      "type": "uploader",
      "owner": "tasmota",
      "version": "https://github.com/espsomo/esptool/releases/download/v4.6.2/esptool-4.6.2.zip"
    },
    "tool-openocd-esp32": {
      "type": "debugger",
      "optional": true,
      "owner": "platformio",
      "version": "~2.1200.0"
    },
    "tool-mkspiffs": {
      "type": "uploader",
      "owner": "platformio",
      "version": "~2.230.0"
    },
    "tool-mklittlefs": {
      "type": "uploader",
      "owner": "platformio",
      "version": "~1.203.0"
    },
    "tool-mkfatfs": {
      "type": "uploader",
      "optional": true,
      "owner": "platformio",
      "version": "~2.0.0"
    },
    "tool-cmake": {
      "optional": true,
      "owner": "platformio",
      "version": "~3.21.0"
    },
    "tool-ninja": {
      "optional": true,
      "owner": "platformio",
      "version": "^1.7.0"
    },
    "tool-mconf": {
      "optional": true,
      "owner": "platformio",
      "version": "~1.4060000.0"
    },
    "tool-idf": {
      "optional": true,
      "owner": "platformio",
      "version": "~1.0.1"
    }
  }
}
